{"name":"红米note7","mainPage":{"0":{"0":{"tag":"p-text","pname":"红米Note7","selected":0,"layerele":"","intext":"红米Note7","animateIn":"animate_left_fade_move_in","animateOut":"","animateInTime":"0.5","animateOutTime":0,"animateInDelay":0,"preview":1,"target":"safe","hor":"center","ver":"center","x":"-23.906%","y":"19.028%","w":"25.938%","h":"29.819bw","fontSize":"17.771bw","lineHeight":"1.6em","letterSpacing":"0em","textAlign":"left","textDecoration":"none","fontWeight":"normal","fontStyle":"normal","color":"#000000","background-image":"","background-color":"","background-size":"","background-position":"","background-repeat":"","lockbox":1,"locksize":1,"xvele":1,"inName":"红米Note7"},"1":{"tag":"p-text","pname":"案例仅供学习","intext":"案例仅供学习","animateIn":"","animateOut":"","animateInTime":0,"animateOutTime":0,"animateInDelay":0,"preview":1,"target":"safe","hor":"center","ver":"center","x":"38.438%","y":"41.528%","w":"149px","h":"33px","fontSize":"16px","lineHeight":"1.6em","letterSpacing":"0em","textAlign":"left","textDecoration":"none","fontWeight":"lighter","fontStyle":"normal","color":"#a0a0a0","background-image":"","background-color":"","background-size":"","background-position":"","background-repeat":"","lockbox":0,"locksize":0,"xvele":1,"selected":0,"inName":"案例仅供学习"},"2":{"tag":"p-text","pname":"4800 万拍照千元...","intext":"4800 万拍照千元机\n18 个月超长质保","animateIn":"animate_left_fade_move_in","animateOut":"","animateInTime":"0.5","animateOutTime":0,"animateInDelay":0,"preview":1,"target":"safe","hor":"center","ver":"center","x":"-30.156%","y":"4.028%","w":"12.656%","h":"44.444bw","fontSize":"8.951bw","lineHeight":"1.6em","letterSpacing":"0em","textAlign":"left","textDecoration":"none","fontWeight":"normal","fontStyle":"normal","color":"#000000","background-image":"","background-color":"","background-size":"","background-position":"","background-repeat":"","lockbox":1,"locksize":1,"xvele":1,"selected":0,"inName":"4800 万拍照千元..."},"3":{"tag":"p-text","pname":" ¥999 起 ","intext":" ¥999 起 ","animateIn":"animate_left_fade_move_in","animateOut":"","animateInTime":"0.5","animateOutTime":0,"animateInDelay":0,"preview":1,"target":"safe","hor":"center","ver":"center","x":"-32.344%","y":"-12.222%","w":"7.578%","h":"40.566bw","fontSize":"21.736bw","lineHeight":"1.6em","letterSpacing":"0em","textAlign":"left","textDecoration":"none","fontWeight":"normal","fontStyle":"normal","color":"#000000","background-image":"","background-color":"","background-size":"","background-position":"","background-repeat":"","lockbox":1,"locksize":1,"xvele":1,"selected":0,"inName":" ¥999 起 "},"tag":"p-page","pname":"page1","selected":1,"layerele":"","pageIn":"animate_bottom_fade_move_in","pageOut":"animate_top_fade_move_out","removeInOpa":true,"removeOutOpa":true,"background-image":"/$/img_1557317045029.jpg","background-color":"","background-size":"contain","background-position":"bottom center","background-repeat":"no-repeat","xvele":1,"target":"","textAlign":"","textDecoration":"","fontStyle":""},"1":{"0":{"tag":"p-pic","pname":"title-1","picUrl":"/$/img_1557325476103.jpg","picWidth":2560,"picHeight":585,"animateIn":"animate_fade_in","animateOut":"","animateInTime":"0.5","animateOutTime":0,"animateInDelay":0,"preview":1,"target":"safe","hor":"center","ver":"center","x":"0.078%","y":"-29.861%","w":"100.234%","h":"22.85bw","background-image":"","background-color":"","background-size":"","background-position":"","background-repeat":"","lockbox":1,"locksize":1,"selected":0,"xvele":1,"textAlign":"","textDecoration":"","fontStyle":""},"1":{"tag":"p-text","pname":"旗舰拍照\n4800 ...","selected":0,"layerele":"","intext":"旗舰拍照\n4800 万像素超清相机","animateIn":"animate_left_fade_move_in","animateOut":"","animateInTime":"0.5","animateOutTime":0,"animateInDelay":0,"preview":1,"target":"screen","hor":"center","ver":"center","x":"-21.797%","y":"-28.194%","w":"31.641%","h":"30.058bw","fontSize":"7.810bw","lineHeight":"1.6em","letterSpacing":"0em","textAlign":"left","textDecoration":"none","fontWeight":"normal","fontStyle":"normal","color":"#ffffff","background-image":"","background-color":"","background-size":"","background-position":"","background-repeat":"","lockbox":1,"locksize":1,"xvele":1,"inName":"旗舰拍照\n4800 ..."},"2":{"tag":"p-pic","pname":"p2-text","picUrl":"/$/img_1557326047080.png","picWidth":2750,"picHeight":418,"animateIn":"animate_top_fade_move_in","animateOut":"","animateInTime":"0.5","animateOutTime":0,"animateInDelay":0,"preview":1,"target":"safe","hor":"center","ver":"center","x":"0.000%","y":"22.639%","w":"90.857%","h":"15.20bw","background-image":"","background-color":"","background-size":"","background-position":"","background-repeat":"","lockbox":1,"locksize":1,"selected":0,"xvele":1,"textAlign":"","textDecoration":"","fontStyle":""},"tag":"p-page","pname":"page2","xvele":1,"pageIn":"animate_bottom_fade_move_in","pageOut":"animate_top_fade_move_out","removeInOpa":true,"removeOutOpa":true,"background-image":"","background-color":"","background-size":"","background-position":"","background-repeat":"","selected":0,"target":"","textAlign":"","textDecoration":"","fontStyle":""},"2":{"0":{"tag":"p-text","pname":"四倍像素，更清晰","intext":"四倍像素，更清晰","animateIn":"animate_left_fade_move_in","animateOut":"","animateInTime":"0.5","animateOutTime":0,"animateInDelay":0,"preview":1,"target":"safe","hor":"center","ver":"center","x":"-25.313%","y":"38.889%","w":"21.563%","h":"14.130bw","fontSize":"8.348bw","lineHeight":"1.6em","letterSpacing":"0em","textAlign":"left","textDecoration":"none","fontWeight":"bold","fontStyle":"normal","color":"#000000","background-image":"","background-color":"","background-size":"","background-position":"","background-repeat":"","lockbox":1,"locksize":1,"xvele":1,"selected":0,"inName":"四倍像素，更清晰"},"1":{"tag":"p-text","pname":"像素越多，照片就越清...","intext":"像素越多，照片就越清晰。红米Note 7 采用新一代 4800万像素感光元件，对比主流 1200 万像素数\n提升 4 倍，在 4800 万高像素模式下，单个像素 0.8μm，带给你分辨率极高的拍照体验。","animateIn":"animate_left_fade_move_in","animateOut":"","animateInTime":"0.5","animateOutTime":0,"animateInDelay":0,"preview":1,"target":"safe","hor":"center","ver":"center","x":"-8.047%","y":"30.278%","w":"56.406%","h":"9.280bw","fontSize":"2.216bw","lineHeight":"1.6em","letterSpacing":"0em","textAlign":"left","textDecoration":"none","fontWeight":"normal","fontStyle":"normal","color":"#000000","background-image":"","background-color":"","background-size":"","background-position":"","background-repeat":"","lockbox":1,"locksize":1,"xvele":1,"selected":0,"inName":"像素越多，照片就越清..."},"2":{"tag":"p-pic","pname":"con-1","picUrl":"/$/img_1557326550990.jpg","picWidth":952,"picHeight":536,"animateIn":"animate_fade_in","animateOut":"","animateInTime":"0.5","animateOutTime":0,"animateInDelay":0,"preview":1,"target":"safe","hor":"center","ver":"center","x":"1.641%","y":"-18.333%","w":"63.047%","h":"56.30bw","background-image":"","background-color":"","background-size":"","background-position":"","background-repeat":"","lockbox":1,"locksize":1,"selected":0,"xvele":1,"textAlign":"","textDecoration":"","fontStyle":""},"tag":"p-page","pname":"page3","xvele":1,"pageIn":"animate_bottom_fade_move_in","pageOut":"animate_top_fade_move_out","removeInOpa":true,"removeOutOpa":true,"background-image":"","background-color":"","background-size":"","background-position":"","background-repeat":"","selected":0,"target":"","textAlign":"","textDecoration":"","fontStyle":""},"3":{"0":{"tag":"p-text","pname":"你可以尽情放大照片，...","intext":"你可以尽情放大照片，截取小细节，二次创作摄影大片。风景照，放大几倍看也锐利；大合影裁切后\n秒变单人表情包。红米Note 7 将旗舰级的 4800 万相机应用到了一台千元手机，与你共享科技乐趣。","animateIn":"animate_top_fade_move_in","animateOut":"","animateInTime":"0.5","animateOutTime":0,"animateInDelay":0,"preview":1,"target":"safe","hor":"center","ver":"center","x":"-4.453%","y":"33.472%","w":"71.484%","h":"8.534bw","fontSize":"1.749bw","lineHeight":"1.6em","letterSpacing":"0em","textAlign":"left","textDecoration":"none","fontWeight":"normal","fontStyle":"normal","color":"#4f4f4f","background-image":"","background-color":"","background-size":"","background-position":"","background-repeat":"","lockbox":1,"locksize":1,"xvele":1,"selected":0,"inName":"你可以尽情放大照片，..."},"1":{"tag":"p-pic","pname":"phone","picUrl":"/$/img_1557326834845.png","picWidth":1281,"picHeight":627,"animateIn":"animate_bottom_fade_move_in","animateOut":"","animateInTime":"0.5","animateOutTime":0,"animateInDelay":0,"preview":1,"target":"safe","hor":"center","ver":"center","x":"-0.078%","y":"-13.750%","w":"79.609%","h":"48.95bw","background-image":"","background-color":"","background-size":"","background-position":"","background-repeat":"","lockbox":1,"locksize":1,"selected":0,"xvele":1,"textAlign":"","textDecoration":"","fontStyle":""},"tag":"p-page","pname":"page4","xvele":1,"pageIn":"animate_bottom_fade_move_in","pageOut":"animate_top_fade_move_out","removeInOpa":true,"removeOutOpa":true,"background-image":"","background-color":"","background-size":"","background-position":"","background-repeat":"","selected":0,"target":"","textAlign":"","textDecoration":"","fontStyle":""},"4":{"0":{"tag":"p-text","pname":"四合一 1.6μm ...","intext":"四合一 1.6μm 高感光*\n与小米MIX 3 相同的手持超级夜景算法*","animateIn":"animate_top_fade_move_in","animateOut":"","animateInTime":"0.5","animateOutTime":0,"animateInDelay":0,"preview":1,"target":"safe","hor":"center","ver":"center","x":"-15.859%","y":"30.417%","w":"32.813%","h":"19.524bw","fontSize":"5.486bw","lineHeight":"1.6em","letterSpacing":"0em","textAlign":"left","textDecoration":"none","fontWeight":"normal","fontStyle":"normal","color":"#000000","background-image":"","background-color":"","background-size":"","background-position":"","background-repeat":"","lockbox":1,"locksize":1,"xvele":1,"selected":0,"inName":"四合一 1.6μm ..."},"1":{"tag":"p-pic","pname":"con-2","picUrl":"/$/img_1557326942771.jpg","picWidth":1189,"picHeight":679,"animateIn":"animate_bottom_fade_move_in","animateOut":"","animateInTime":"0.5","animateOutTime":0,"animateInDelay":0,"preview":1,"target":"safe","hor":"center","ver":"end","x":"0.156%","y":"-0.278%","w":"65.625%","h":"57.107bw","background-image":"","background-color":"","background-size":"","background-position":"","background-repeat":"","lockbox":1,"locksize":1,"selected":0,"xvele":1,"textAlign":"","textDecoration":"","fontStyle":""},"tag":"p-page","pname":"page5","xvele":1,"pageIn":"animate_bottom_fade_move_in","pageOut":"animate_top_fade_move_out","removeInOpa":true,"removeOutOpa":true,"background-image":"","background-color":"","background-size":"","background-position":"","background-repeat":"","selected":0,"target":"","textAlign":"","textDecoration":"","fontStyle":""},"5":{"0":{"tag":"p-pic","pname":"title-2","picUrl":"/$/img_1557327228814.jpg","picWidth":2560,"picHeight":583,"animateIn":"","animateOut":"","animateInTime":"0.5","animateOutTime":0,"animateInDelay":0,"preview":1,"target":"safe","hor":"center","ver":"center","x":"0.000%","y":"-0.556%","w":"100.078%","h":"31.953bw","background-image":"","background-color":"","background-size":"","background-position":"","background-repeat":"","lockbox":1,"locksize":1,"selected":0,"xvele":1,"textAlign":"","textDecoration":"","fontStyle":""},"1":{"tag":"p-text","pname":"满血性能，满血体验\n...","intext":"满血性能，满血体验\n骁龙660「满血版」\n4000mAh 超大电量","animateIn":"animate_top_fade_move_in","animateOut":"","animateInTime":"0.5","animateOutTime":0,"animateInDelay":0,"preview":1,"target":"safe","hor":"center","ver":"center","x":"-19.531%","y":"-1.667%","w":"38.203%","h":"37.574bw","fontSize":"6.817bw","lineHeight":"1.6em","letterSpacing":"0em","textAlign":"left","textDecoration":"none","fontWeight":"bold","fontStyle":"normal","color":"#ffffff","background-image":"","background-color":"","background-size":"","background-position":"","background-repeat":"","lockbox":1,"locksize":1,"xvele":1,"selected":0,"inName":"满血性能，满血体验\n..."},"tag":"p-page","pname":"page6","xvele":1,"pageIn":"animate_rotate6to9fade_in","pageOut":"animate_top_fade_move_out","removeInOpa":false,"removeOutOpa":true,"background-image":"","background-color":"","background-size":"","background-position":"","background-repeat":"","selected":0,"target":"","textAlign":"","textDecoration":"","fontStyle":""},"6":{"0":{"tag":"p-text","pname":"满血版的骁龙 660...","intext":"满血版的骁龙 660 AIE 处理器*\n主频高达 2.2GHz","animateIn":"animate_top_fade_move_in","animateOut":"","animateInTime":"0.5","animateOutTime":0,"animateInDelay":0,"preview":1,"target":"safe","hor":"center","ver":"center","x":"-17.656%","y":"30.694%","w":"32.344%","h":"23.780bw","fontSize":"7.024bw","lineHeight":"1.6em","letterSpacing":"0em","textAlign":"left","textDecoration":"none","fontWeight":"bold","fontStyle":"normal","color":"#000000","background-image":"","background-color":"","background-size":"","background-position":"","background-repeat":"","lockbox":1,"locksize":1,"xvele":1,"selected":0,"inName":"满血版的骁龙 660..."},"1":{"tag":"p-text","pname":"使用骁龙660，意味...","intext":"使用骁龙660，意味着手机已经进入了“准旗舰”的序列。红米Note 7 更进一步，配备了主频更高的\n2.2GHz 的「满血版」骁龙660，进一步提升性能等级。玩游戏顺滑灵敏，日常使用操作更流畅。","animateIn":"animate_top_fade_move_in","animateOut":"","animateInTime":"0.5","animateOutTime":0,"animateInDelay":0,"preview":1,"target":"safe","hor":"center","ver":"center","x":"-5.625%","y":"16.250%","w":"56.250%","h":"9.167bw","fontSize":"2.288bw","lineHeight":"1.6em","letterSpacing":"0em","textAlign":"left","textDecoration":"none","fontWeight":"normal","fontStyle":"normal","color":"#717171","background-image":"","background-color":"","background-size":"","background-position":"","background-repeat":"","lockbox":1,"locksize":1,"xvele":1,"selected":0,"inName":"使用骁龙660，意味..."},"tag":"p-page","pname":"page7","xvele":1,"pageIn":"animate_bottom_fade_move_in","pageOut":"animate_top_fade_move_out","removeInOpa":true,"removeOutOpa":true,"background-image":"/$/img_1557327620708.jpg","background-color":"","background-size":"contain","background-position":"bottom center","background-repeat":"no-repeat","selected":0,"target":"","textAlign":"","textDecoration":"","fontStyle":""},"7":{"0":{"tag":"p-text","pname":"告别电量焦虑，400...","intext":"告别电量焦虑，4000mAh 大电量*\n支持 Quick Charge 4 快充协议*","animateIn":"animate_top_fade_move_in","animateOut":"","animateInTime":"0.5","animateOutTime":0,"animateInDelay":0,"preview":1,"target":"safe","hor":"center","ver":"center","x":"-20.469%","y":"31.389%","w":"33.828%","h":"22.133bw","fontSize":"6.144bw","lineHeight":"1.6em","letterSpacing":"0em","textAlign":"left","textDecoration":"none","fontWeight":"normal","fontStyle":"normal","color":"#000000","background-image":"","background-color":"","background-size":"","background-position":"","background-repeat":"","lockbox":1,"locksize":1,"xvele":1,"selected":0,"inName":"告别电量焦虑，400..."},"1":{"tag":"p-text","pname":"超大的电池，超长的续...","intext":"超大的电池，超长的续航，超快的充电。如此大电量，已经是妥妥的商务旗舰配置，\n让你摆脱电量焦虑。 ","animateIn":"animate_top_fade_move_in","animateOut":"","animateInTime":"0.5","animateOutTime":0,"animateInDelay":0,"preview":1,"target":"safe","hor":"center","ver":"center","x":"-15.391%","y":"18.333%","w":"44.063%","h":"9.988bw","fontSize":"2.676bw","lineHeight":"1.6em","letterSpacing":"0em","textAlign":"left","textDecoration":"none","fontWeight":"normal","fontStyle":"normal","color":"#6a6a6a","background-image":"","background-color":"","background-size":"","background-position":"","background-repeat":"","lockbox":1,"locksize":1,"xvele":1,"selected":0,"inName":"超大的电池，超长的续..."},"tag":"p-page","pname":"page8","xvele":1,"pageIn":"animate_bottom_fade_move_in","pageOut":"animate_top_fade_move_out","removeInOpa":true,"removeOutOpa":true,"background-image":"/$/img_1557327781683.jpg","background-color":"","background-size":"contain","background-position":"bottom center","background-repeat":"no-repeat","selected":0,"target":"","textAlign":"","textDecoration":"","fontStyle":""},"8":{"0":{"tag":"p-pic","pname":"title-3","picUrl":"/$/img_1557327871095.jpg","picWidth":2560,"picHeight":584,"animateIn":"","animateOut":"","animateInTime":"0.5","animateOutTime":0,"animateInDelay":0,"preview":1,"target":"safe","hor":"center","ver":"center","x":"-0.156%","y":"0.556%","w":"100.547%","h":"28.904bw","background-image":"","background-color":"","background-size":"","background-position":"","background-repeat":"","lockbox":1,"locksize":1,"selected":0,"xvele":1,"textAlign":"","textDecoration":"","fontStyle":""},"1":{"tag":"p-text","pname":"潮流外观\n6.3\"水...","intext":"潮流外观\n6.3\"水滴全面屏\n幻彩渐变玻璃机身","animateIn":"animate_top_fade_move_in","animateOut":"","animateInTime":"0.5","animateOutTime":0,"animateInDelay":0,"preview":1,"target":"safe","hor":"center","ver":"center","x":"-20.703%","y":"0.139%","w":"33.281%","h":"43.682bw","fontSize":"8.318bw","lineHeight":"1.6em","letterSpacing":"0em","textAlign":"left","textDecoration":"none","fontWeight":"bold","fontStyle":"normal","color":"#ffffff","background-image":"","background-color":"","background-size":"","background-position":"","background-repeat":"","lockbox":1,"locksize":1,"xvele":1,"selected":0,"inName":"潮流外观\n6.3\"水..."},"tag":"p-page","pname":"page9","xvele":1,"pageIn":"animate_rotate6to9fade_in","pageOut":"animate_top_fade_move_out","removeInOpa":false,"removeOutOpa":true,"background-image":"","background-color":"","background-size":"","background-position":"","background-repeat":"","selected":0,"target":"","textAlign":"","textDecoration":"","fontStyle":""},"9":{"0":{"tag":"p-text","pname":"窄边框 6.3\"水滴...","intext":"窄边框 6.3\"水滴全面屏\n支持阳光屏 / 夜光屏 / 护眼模式","animateIn":"animate_top_fade_move_in","animateOut":"","animateInTime":"0.5","animateOutTime":0,"animateInDelay":0,"preview":1,"target":"safe","hor":"center","ver":"center","x":"-17.734%","y":"29.444%","w":"31.484%","h":"23.955bw","fontSize":"6.418bw","lineHeight":"1.6em","letterSpacing":"0em","textAlign":"left","textDecoration":"none","fontWeight":"normal","fontStyle":"normal","color":"#000000","background-image":"","background-color":"","background-size":"","background-position":"","background-repeat":"","lockbox":1,"locksize":1,"xvele":1,"selected":0,"inName":"窄边框 6.3\"水滴..."},"1":{"tag":"p-text","pname":"圆融的水滴屏，来自主...","intext":"圆融的水滴屏，来自主流旗舰偏爱的全面屏方案，小水滴还巧妙藏起了前置摄像头，\n看起来整洁舒服。屏幕分辨率为 2340 x 1080，这已经超过了一般全高清电视的分辨率。\n显示效果不仅有高屏占比的震撼，还有细腻的观看感受。","animateIn":"animate_top_fade_move_in","animateOut":"","animateInTime":"0.5","animateOutTime":0,"animateInDelay":0,"preview":1,"target":"safe","hor":"center","ver":"center","x":"-10.547%","y":"15.000%","w":"46.094%","h":"13.571bw","fontSize":"2.496bw","lineHeight":"1.6em","letterSpacing":"0em","textAlign":"left","textDecoration":"none","fontWeight":"normal","fontStyle":"normal","color":"#555555","background-image":"","background-color":"","background-size":"","background-position":"","background-repeat":"","lockbox":1,"locksize":1,"xvele":1,"selected":0,"inName":"圆融的水滴屏，来自主..."},"tag":"p-page","pname":"page10","xvele":1,"pageIn":"animate_bottom_fade_move_in","pageOut":"animate_top_fade_move_out","removeInOpa":true,"removeOutOpa":true,"background-image":"/$/img_1557328067846.jpg","background-color":"","background-size":"contain","background-position":"bottom center","background-repeat":"no-repeat","selected":0,"target":"","textAlign":"","textDecoration":"","fontStyle":""},"10":{"0":{"tag":"p-pic","pname":"gallery1","picUrl":"/$/img_1557328173213.jpg","picWidth":1405,"picHeight":790,"animateIn":"animate_fade_in","animateOut":"","animateInTime":"0.5","animateOutTime":0,"animateInDelay":0,"preview":1,"target":"safe","hor":"center","ver":"end","x":"0.000%","y":"2.361%","w":"54.844%","h":"56.125bw","background-image":"","background-color":"","background-size":"","background-position":"","background-repeat":"","lockbox":1,"locksize":1,"selected":0,"xvele":1,"textAlign":"","textDecoration":"","fontStyle":""},"1":{"tag":"p-text","pname":"幻影渐变色\n双面大猩...","intext":"幻影渐变色\n双面大猩猩玻璃机身","animateIn":"animate_top_fade_move_in","animateOut":"","animateInTime":"0.5","animateOutTime":0,"animateInDelay":0,"preview":1,"target":"safe","hor":"center","ver":"center","x":"-20.391%","y":"31.528%","w":"22.344%","h":"37.281bw","fontSize":"10.105bw","lineHeight":"1.6em","letterSpacing":"0em","textAlign":"left","textDecoration":"none","fontWeight":"bold","fontStyle":"normal","color":"#000000","background-image":"","background-color":"","background-size":"","background-position":"","background-repeat":"","lockbox":1,"locksize":1,"xvele":1,"selected":0,"inName":"幻影渐变色\n双面大猩..."},"2":{"tag":"p-text","pname":"外观升级是红米Red...","intext":"外观升级是红米Redmi 品牌升级的重点，目标：不输旗舰。采用双面康宁®️第五代大猩猩®️玻璃材质，\n辅以特别调制潮流渐变配色，光线流转，美轮美奂。","animateIn":"animate_top_fade_move_in","animateOut":"","animateInTime":"0.5","animateOutTime":0,"animateInDelay":0,"preview":1,"target":"safe","hor":"center","ver":"center","x":"-6.172%","y":"16.944%","w":"50.859%","h":"8.769bw","fontSize":"2.151bw","lineHeight":"1.6em","letterSpacing":"0em","textAlign":"left","textDecoration":"none","fontWeight":"normal","fontStyle":"normal","color":"#767776","background-image":"","background-color":"","background-size":"","background-position":"","background-repeat":"","lockbox":1,"locksize":1,"xvele":1,"selected":0,"inName":"外观升级是红米Red..."},"tag":"p-page","pname":"page11","xvele":1,"pageIn":"animate_bottom_fade_move_in","pageOut":"animate_top_fade_move_out","removeInOpa":true,"removeOutOpa":true,"background-image":"","background-color":"","background-size":"","background-position":"","background-repeat":"","selected":0,"target":"","textAlign":"","textDecoration":"","fontStyle":""},"11":{"0":{"tag":"p-text","pname":"亿万“红米Redmi...","intext":"亿万“红米Redmi”品牌销量的背后，是亿万用户信任，信任不容辜负。红米Note 7 采用与小米旗舰手机相同质量标准，层层把关筛选，增加品质投入，进行多达 15 项额外品质创新。经过两年改进，我们成功将以往 12 个月的长期综合正常使用率，提升到 18 个月也具备相同品质水准。最终，我们把所有努力换算成时间，超过 12 个月国家保修标准 — 18 个月超长质保的品质自信。","animateIn":"animate_bottom_fade_move_in","animateOut":"","animateInTime":"0.5","animateOutTime":0,"animateInDelay":0,"preview":1,"target":"safe","hor":"center","ver":"center","x":"-12.109%","y":"25.278%","w":"62.578%","h":"11.756bw","fontSize":"1.935bw","lineHeight":"1.6em","letterSpacing":"0em","textAlign":"left","textDecoration":"none","fontWeight":"normal","fontStyle":"normal","color":"#474747","background-image":"","background-color":"","background-size":"","background-position":"","background-repeat":"","lockbox":1,"locksize":1,"xvele":1,"selected":0,"inName":"亿万“红米Redmi..."},"1":{"tag":"p-pic","pname":"con-4-icon","picUrl":"/$/img_1557328302427.png","picWidth":236,"picHeight":274,"animateIn":"animate_top_fade_move_in","animateOut":"","animateInTime":"0.5","animateOutTime":0,"animateInDelay":0,"preview":1,"target":"safe","hor":"center","ver":"center","x":"34.219%","y":"24.028%","w":"11.250%","h":"113.889bw","background-image":"","background-color":"","background-size":"","background-position":"","background-repeat":"","lockbox":1,"locksize":1,"selected":0,"xvele":1,"textAlign":"","textDecoration":"","fontStyle":""},"tag":"p-page","pname":"page12","xvele":1,"pageIn":"animate_bottom_fade_move_in","pageOut":"animate_top_fade_move_out","removeInOpa":true,"removeOutOpa":true,"background-image":"/$/img_1557328398106.jpg","background-color":"","background-size":"contain","background-position":"bottom center","background-repeat":"no-repeat","selected":0,"target":"","textAlign":"","textDecoration":"","fontStyle":""},"12":{"0":{"tag":"p-pic","pname":"con-6","selected":0,"layerele":"","picUrl":"/$/img_1557328556692.jpg","picWidth":2560,"picHeight":1167,"animateIn":"animate_fade_in","animateOut":"","animateInTime":"0.5","animateOutTime":0,"animateInDelay":0,"preview":1,"target":"safe","hor":"center","ver":"center","x":"0px","y":"-63px","w":"1281px","h":"598px","background-image":"","background-color":"","background-size":"","background-position":"","background-repeat":"","lockbox":"","locksize":"","xvele":1,"textAlign":"","textDecoration":"","fontStyle":""},"1":{"tag":"p-text","pname":"抗摔性强4倍的康宁®...","selected":0,"layerele":"","intext":"抗摔性强4倍的康宁®️第五代大猩猩®️玻璃\n以及15 项创新的品质自信","animateIn":"animate_top_fade_move_in","animateOut":"","animateInTime":"0.5","animateOutTime":0,"animateInDelay":0,"preview":1,"target":"safe","hor":"center","ver":"center","x":"-21.250%","y":"30.000%","w":"34.375%","h":"17.727bw","fontSize":"5.236bw","lineHeight":"1.6em","letterSpacing":"0em","textAlign":"left","textDecoration":"none","fontWeight":"normal","fontStyle":"normal","color":"#000000","background-image":"","background-color":"","background-size":"","background-position":"","background-repeat":"","lockbox":1,"locksize":1,"xvele":1,"inName":"抗摔性强4倍的康宁®..."},"2":{"tag":"p-text","pname":"品质背后不只责任，还...","intext":"品质背后不只责任，还考验创新力。比如手机经常会人为跌落碎屏，虽然人为损坏在标准保修之外，\n我们仍然采用抗摔性提升4倍*的康宁®️第五代大猩猩®️玻璃，同时对最易碎的机身四角进行创新的防护\n处理。这一切创新背后，还有更为昂贵的成本问题。但是为了品质 — 我们不惜代价。","animateIn":"animate_top_fade_move_in","animateOut":"","animateInTime":"0.5","animateOutTime":0,"animateInDelay":0,"preview":1,"target":"safe","hor":"center","ver":"center","x":"-9.141%","y":"16.944%","w":"58.672%","h":"10.943bw","fontSize":"2.189bw","lineHeight":"1.6em","letterSpacing":"0em","textAlign":"left","textDecoration":"none","fontWeight":"normal","fontStyle":"normal","color":"#7a7a7a","background-image":"","background-color":"","background-size":"","background-position":"","background-repeat":"","lockbox":1,"locksize":1,"xvele":1,"selected":0,"inName":"品质背后不只责任，还..."},"tag":"p-page","pname":"page13","xvele":1,"pageIn":"animate_bottom_fade_move_in","pageOut":"animate_top_fade_move_out","removeInOpa":true,"removeOutOpa":true,"background-image":"","background-color":"","background-size":"","background-position":"","background-repeat":"","selected":0,"textAlign":"","textDecoration":"","fontStyle":"","target":""},"13":{"0":{"tag":"p-text","pname":"USB-C 与 3....","intext":"USB-C 与 3.5mm 耳机接口\n两个都想要，如今两者都有了","animateIn":"animate_top_fade_move_in","animateOut":"","animateInTime":"0.5","animateOutTime":0,"animateInDelay":0,"preview":1,"target":"safe","hor":"center","ver":"center","x":"-24.453%","y":"29.306%","w":"24.688%","h":"26.266bw","fontSize":"7.291bw","lineHeight":"1.6em","letterSpacing":"0em","textAlign":"left","textDecoration":"none","fontWeight":"normal","fontStyle":"normal","color":"#000000","background-image":"","background-color":"","background-size":"","background-position":"","background-repeat":"","lockbox":1,"locksize":1,"xvele":1,"selected":0,"inName":"USB-C 与 3...."},"1":{"tag":"p-pic","pname":"con-8-img","picUrl":"/$/img_1557328882883.png","picWidth":1103,"picHeight":716,"animateIn":"animate_fade_in","animateOut":"","animateInTime":"0.5","animateOutTime":0,"animateInDelay":0,"preview":1,"target":"safe","hor":"center","ver":"end","x":"0.000%","y":"-0.278%","w":"47.734%","h":"64.909bw","background-image":"","background-color":"","background-size":"","background-position":"","background-repeat":"","lockbox":1,"locksize":1,"selected":0,"xvele":1,"textAlign":"","textDecoration":"","fontStyle":""},"2":{"tag":"p-text","pname":"USB-C 接口非常...","intext":"USB-C 接口非常方便，正反都能连接，能充电还能连接耳机*。但我们收到诸多用户反馈，\n建议保留 3.5mm 标准耳机接口。在千元手机中配备 USB-C 已经非常稀有，即使是旗舰手机，\n也不能保证兼备 USB-C 和标准耳机接口。如今，红米Note 7 全都为你配备好了。","animateIn":"animate_top_fade_move_in","animateOut":"","animateInTime":"0.5","animateOutTime":0,"animateInDelay":0,"preview":1,"target":"safe","hor":"center","ver":"center","x":"-10.391%","y":"15.694%","w":"53.125%","h":"12.500bw","fontSize":"2.353bw","lineHeight":"1.6em","letterSpacing":"0em","textAlign":"left","textDecoration":"none","fontWeight":"normal","fontStyle":"normal","color":"#6e6e6e","background-image":"","background-color":"","background-size":"","background-position":"","background-repeat":"","lockbox":1,"locksize":1,"xvele":1,"selected":0,"inName":"USB-C 接口非常..."},"tag":"p-page","pname":"page14","xvele":1,"pageIn":"animate_bottom_fade_move_in","pageOut":"animate_top_fade_move_out","removeInOpa":true,"removeOutOpa":true,"background-image":"","background-color":"","background-size":"","background-position":"","background-repeat":"","selected":0,"target":"","textAlign":"","textDecoration":"","fontStyle":""},"14":{"0":{"tag":"p-pic","pname":"title-5","picUrl":"/$/img_1557328987458.jpg","picWidth":2560,"picHeight":584,"animateIn":"","animateOut":"","animateInTime":"0.5","animateOutTime":0,"animateInDelay":0,"preview":1,"target":"safe","hor":"center","ver":"center","x":"-0.391%","y":"1.944%","w":"101.250%","h":"23.457bw","background-image":"","background-color":"","background-size":"","background-position":"","background-repeat":"","lockbox":1,"locksize":1,"selected":0,"xvele":1,"textAlign":"","textDecoration":"","fontStyle":""},"1":{"tag":"p-text","pname":"红米手机\n全球化战略...","selected":0,"layerele":"","intext":"红米手机\n全球化战略升级为\n红米Redmi 独立品牌","animateIn":"animate_top_fade_move_in","animateOut":"","animateInTime":"0.5","animateOutTime":0,"animateInDelay":0,"preview":1,"target":"safe","hor":"center","ver":"center","x":"-18.594%","y":"1.806%","w":"27.031%","h":"47.368bw","fontSize":"9.357bw","lineHeight":"1.6em","letterSpacing":"0em","textAlign":"left","textDecoration":"none","fontWeight":"bold","fontStyle":"normal","color":"#ffffff","background-image":"","background-color":"","background-size":"","background-position":"","background-repeat":"","lockbox":1,"locksize":1,"xvele":1,"inName":"红米手机\n全球化战略..."},"tag":"p-page","pname":"page15","xvele":1,"pageIn":"animate_rotate6to3fade_in","pageOut":"animate_top_fade_move_out","removeInOpa":false,"removeOutOpa":true,"background-image":"","background-color":"","background-size":"","background-position":"","background-repeat":"","selected":0,"target":"","textAlign":"","textDecoration":"","fontStyle":""},"15":{"0":{"tag":"p-text","pname":"红米手机系列一经推出...","intext":"红米手机系列一经推出，便成为人人喜爱的高性价比“国民手机”。红米的高性价比，让更多人第一次享受到智能手机的乐趣。性价比背后是先进的商业模式 - 提高商业效率、使用互联网电商销售，坚守“硬件综合净利润率，永远不会超过5%”的商业信条……提高质量，同时降低成本，这本身就包含了无数创新。\n\n通过持续不断改进品质，不仅高性价比 - 高品质也成为红米的重要特点，例如将旗舰手机常见的 1200 万、2400 万像素相机，提升至4800 万像素。\n\n高品质、高性价比的好口碑，使红米手机走出国门，受到全球用户的喜爱，成为国际化的“国民手机”。如今，你喜爱的红米系列手机，已成为全球化的独立品牌“红米Redmi”。这不仅是一次品牌升级，更是高品质、高性价比手机的一次进化。","animateIn":"animate_bottom_fade_move_in","animateOut":"","animateInTime":"0.5","animateOutTime":0,"animateInDelay":0,"preview":1,"target":"safe","hor":"center","ver":"center","x":"0.078%","y":"-3.611%","w":"82.422%","h":"20.190bw","fontSize":"1.517bw","lineHeight":"1.6em","letterSpacing":"0em","textAlign":"left","textDecoration":"none","fontWeight":"normal","fontStyle":"normal","color":"#7a7a7a","background-image":"","background-color":"","background-size":"","background-position":"","background-repeat":"","lockbox":1,"locksize":1,"xvele":1,"selected":0,"inName":"红米手机系列一经推出..."},"1":{"tag":"p-pic","pname":"redmi","picUrl":"/$/img_1557329071463.png","picWidth":632,"picHeight":191,"animateIn":"animate_top_fade_move_in","animateOut":"","animateInTime":"0.5","animateOutTime":0,"animateInDelay":0,"preview":1,"target":"safe","hor":"center","ver":"center","x":"-0.156%","y":"22.361%","w":"25.547%","h":"32.506bw","background-image":"","background-color":"","background-size":"","background-position":"","background-repeat":"","lockbox":1,"locksize":1,"selected":0,"xvele":1,"textAlign":"","textDecoration":"","fontStyle":""},"tag":"p-page","pname":"page16","xvele":1,"pageIn":"animate_bottom_fade_move_in","pageOut":"animate_top_fade_move_out","removeInOpa":true,"removeOutOpa":true,"background-image":"/$/img_1557329099024.jpg","background-color":"","background-size":"contain","background-position":"bottom center","background-repeat":"no-repeat","selected":0,"target":"","textAlign":"","textDecoration":"","fontStyle":""},"w":"1280px","h":"720px","inselected":"","pageType":"mainPage","type":"h5"}}