{"tags":{},"pics":{"0":{"tag":"source-block","xvele":1,"name":"index-bg","path":"/$/img_1557317045029.jpg","tagid":{}},"1":{"tag":"source-block","xvele":1,"name":"title-1","path":"/$/img_1557325476103.jpg","tagid":{}},"2":{"tag":"source-block","xvele":1,"name":"p2-text","path":"/$/img_1557326047080.png","tagid":{}},"3":{"tag":"source-block","xvele":1,"name":"con-1","path":"/$/img_1557326550990.jpg","tagid":{}},"4":{"tag":"source-block","xvele":1,"name":"phone","path":"/$/img_1557326834845.png","tagid":{}},"5":{"tag":"source-block","xvele":1,"name":"con-2","path":"/$/img_1557326942771.jpg","tagid":{}},"6":{"tag":"source-block","xvele":1,"name":"title-2","path":"/$/img_1557327228814.jpg","tagid":{}},"7":{"tag":"source-block","xvele":1,"name":"performance-1","path":"/$/img_1557327620708.jpg","tagid":{}},"8":{"tag":"source-block","xvele":1,"name":"power","path":"/$/img_1557327781683.jpg","tagid":{}},"9":{"tag":"source-block","xvele":1,"name":"title-3","path":"/$/img_1557327871095.jpg","tagid":{}},"10":{"tag":"source-block","xvele":1,"name":"screen","path":"/$/img_1557328067846.jpg","tagid":{}},"11":{"tag":"source-block","xvele":1,"name":"gallery1","path":"/$/img_1557328173213.jpg","tagid":{}},"12":{"tag":"source-block","xvele":1,"name":"con-4-icon","path":"/$/img_1557328302427.png","tagid":{}},"13":{"tag":"source-block","xvele":1,"name":"con-4","path":"/$/img_1557328398106.jpg","tagid":{}},"14":{"tag":"source-block","xvele":1,"name":"con-6","path":"/$/img_1557328556692.jpg","tagid":{}},"15":{"tag":"source-block","xvele":1,"name":"con-8-img","path":"/$/img_1557328882883.png","tagid":{}},"16":{"tag":"source-block","xvele":1,"name":"title-5","path":"/$/img_1557328987458.jpg","tagid":{}},"17":{"tag":"source-block","xvele":1,"name":"redmi","path":"/$/img_1557329071463.png","tagid":{}},"18":{"tag":"source-block","xvele":1,"name":"redmibg","path":"/$/img_1557329099024.jpg","tagid":{}}}}